groan,&
calvinz,%
E4 Aknolan,@
Rhexx,%
Checkm8t,%
Champi☼n Kishz,+
FamilyBoy,%
Mjoera,+
Ellock,%
Cranestruction,%
bandi,~
videogambeas101,+
ryoma echizen,~
Twizz,+
Critch55 2,@
jolteon64(⌐■_■),+
DarknessReigns,&
sonaze0120,+
Hyperbeem,%
Twamble,%
rain janitor,+
Vanitаѕ,+
Fallen Blood,+
EN Zarif,+
BlazingNidaime,+
Ezio,+
nCrypt,%
Champion nCrypt,%
☁Frontier Twamble☁,+
Zαrif,+
VGC Pinoy Pwnage,+
firebreathingyoshi,+
Teen_Bryan033,+
Modern Combat 4,%
iFaZe,~
bandiubg,~
bandi(laddering),~
,+
(UBG)Bandihub,~
(UBG)Davandi,~
